Date,K7037,K7038,K7040,K7041,K7047,K7090,K7091,K7094,K7181,K7182,K7190,K6692,K6693,K6736,K6737,K6745,K6746,K6789,K6794,K6795,K6797,K6799,K6844,K6845,K6849,K6850,K6851,K6897,K6994
1/1/2014,586,567,551,579,531,579,591,588,596,557,557,422,441,469,422,378,432,485,492,500,475,432,467,529,411,615,414,536,557
1/2/2014,588,569,553,581,534,581,593,590,598,560,560,420,443,458,410,381,434,480,494,502,477,434,469,531,414,616,417,538,559
1/3/2014,531,538,520,567,513,574,593,555,584,555,560,371,406,433,373,327,397,439,451,427,427,390,409,482,371,605,369,514,518
1/4/2014,532,539,522,568,515,575,594,556,585,556,561,373,408,435,375,329,399,441,453,429,429,392,411,484,373,606,371,515,519
1/5/2014,536,543,526,571,518,578,597,559,588,559,564,377,412,439,380,334,403,445,457,434,433,396,417,488,378,608,375,519,523
1/6/2014,537,544,527,572,519,579,598,560,589,560,566,378,413,440,380,336,404,446,458,435,434,397,418,489,380,609,377,520,524
1/7/2014,537,544,527,572,519,579,598,560,589,560,566,378,413,440,380,336,404,446,458,435,434,397,418,489,380,609,377,520,524
1/8/2014,538,545,528,573,520,580,599,561,590,561,567,380,415,441,381,338,406,447,459,437,436,399,420,490,382,610,379,521,525
1/9/2014,540,547,530,575,522,582,600,563,592,563,569,382,417,443,384,341,408,449,461,439,438,401,423,492,385,611,382,523,527
1/10/2014,544,551,534,578,525,585,603,566,595,567,572,378,420,447,387,346,412,453,465,443,442,394,428,496,390,613,386,527,531
1/11/2014,549,556,539,582,529,589,606,570,599,571,576,384,426,453,394,353,418,459,471,449,448,401,435,502,397,616,393,532,536
1/12/2014,493,523,495,534,488,554,566,532,543,505,482,359,406,425,363,332,401,442,456,438,446,402,419,482,393,617,388,518,488
1/13/2014,497,527,499,537,491,557,569,535,546,508,486,363,410,429,368,337,405,446,460,442,450,406,424,486,397,619,392,521,492
1/14/2014,500,529,492,525,494,559,571,537,548,510,489,366,406,415,352,319,394,421,453,438,419,381,427,488,358,620,365,523,480
1/15/2014,502,530,492,526,495,560,572,538,549,511,491,368,405,398,336,318,394,414,452,438,420,382,422,490,359,621,366,524,481
1/16/2014,502,530,492,526,495,560,572,538,549,511,491,368,405,398,336,318,394,414,452,438,420,382,422,490,359,621,366,524,481
1/17/2014,504,531,494,527,496,561,573,539,550,512,492,370,407,400,338,320,396,416,454,440,422,384,424,492,361,622,368,525,483
1/18/2014,504,531,494,527,496,561,573,539,550,512,492,370,407,400,338,320,396,416,454,440,422,384,424,492,361,622,368,525,483
1/19/2014,506,532,496,528,497,562,574,540,551,514,494,372,409,402,339,322,398,417,456,442,424,386,426,493,363,623,370,526,485
1/20/2014,508,534,498,530,499,564,576,542,553,516,496,375,411,405,342,325,400,419,458,444,426,389,429,495,366,624,372,528,487
1/21/2014,510,535,500,531,501,565,577,543,554,518,498,377,412,407,343,327,402,420,460,446,428,391,431,496,368,625,374,529,489
1/22/2014,510,535,500,531,501,565,577,543,554,518,498,377,412,407,329,327,402,414,460,446,428,391,430,496,367,625,373,529,489
1/23/2014,511,536,501,532,502,566,578,544,555,519,499,377,412,407,329,327,403,414,461,447,429,392,431,497,368,625,373,530,490
1/24/2014,511,536,501,532,502,566,578,544,555,519,499,377,412,407,329,327,403,414,461,447,429,392,431,497,368,625,373,530,490
1/25/2014,512,537,502,533,503,567,579,545,556,520,500,379,413,408,331,329,404,415,462,448,430,394,432,498,370,626,375,531,491
1/26/2014,514,539,504,535,505,568,580,546,557,522,502,381,415,410,334,331,406,417,464,450,432,396,434,500,372,627,377,533,493
1/27/2014,559,546,523,560,502,552,551,518,541,499,475,456,456,469,453,397,450,494,495,488,463,443,506,512,437,480,441,554,522
1/28/2014,561,548,526,563,502,554,552,507,544,502,464,459,459,471,455,400,453,496,497,491,466,446,508,514,440,483,444,556,525
1/29/2014,563,551,529,566,505,557,555,510,547,506,467,479,479,475,459,423,460,500,505,501,470,450,511,518,444,486,448,558,528
1/30/2014,502,484,458,498,453,505,507,450,499,456,415,411,411,394,377,355,393,425,445,442,396,369,449,459,362,417,368,507,455
1/31/2014,489,470,441,484,449,485,493,444,473,432,404,407,406,390,373,350,388,419,440,438,389,361,444,454,354,409,361,503,445
2/1/2014,465,448,422,467,427,462,470,422,453,409,373,390,387,389,370,333,372,415,426,424,374,346,432,440,338,395,345,490,428
2/2/2014,464,445,420,467,430,466,474,424,455,412,369,390,387,392,373,333,373,418,426,423,376,351,433,441,340,399,350,491,428
2/3/2014,468,450,426,472,435,471,479,429,461,419,375,395,392,396,378,339,378,422,430,428,381,357,437,445,346,404,356,495,433
2/4/2014,474,456,433,478,442,477,485,436,467,426,383,402,399,403,386,347,385,429,436,434,388,365,443,451,354,411,364,500,440
2/5/2014,480,462,439,483,448,483,490,442,473,432,390,407,404,412,395,353,391,437,442,439,394,371,450,458,360,417,370,506,446
2/6/2014,486,468,447,489,455,489,496,449,479,439,398,413,410,398,384,361,398,444,448,445,401,379,457,464,368,424,378,512,453
2/7/2014,479,470,446,487,454,480,494,450,473,434,400,399,396,382,371,345,382,441,444,438,380,364,461,457,349,414,365,502,449
2/8/2014,475,470,445,487,448,476,490,447,465,423,396,381,380,368,357,328,364,427,429,422,367,355,444,439,340,412,359,489,449
2/9/2014,416,409,386,425,416,439,463,427,439,403,374,329,332,304,294,266,306,364,379,370,306,282,394,388,274,348,287,438,384
2/10/2014,419,412,389,428,418,442,465,429,442,406,377,331,334,307,297,269,309,367,381,373,309,285,397,391,277,351,290,440,387
2/11/2014,422,415,393,431,420,445,468,431,445,410,380,334,337,311,302,272,312,371,384,376,312,289,400,395,281,354,294,443,390
2/12/2014,427,420,398,435,424,449,471,435,449,415,385,338,341,317,308,276,316,376,388,380,316,294,405,400,285,358,299,447,395
2/13/2014,382,382,357,398,402,401,429,419,396,363,370,298,293,253,255,228,270,331,345,340,269,249,365,362,243,315,249,405,364
2/14/2014,386,384,358,399,403,402,430,420,397,364,371,299,294,257,259,229,271,335,346,341,270,250,368,364,244,316,250,407,365
2/15/2014,388,386,360,401,405,404,432,422,399,366,373,301,296,260,262,231,273,338,348,343,272,253,371,366,246,318,253,409,367
2/16/2014,391,389,363,404,407,407,434,424,402,369,376,304,299,264,266,234,276,341,351,346,275,257,374,369,249,321,256,412,370
2/17/2014,394,392,366,407,409,410,436,426,405,372,379,307,302,267,269,238,280,344,354,349,279,261,376,372,253,324,260,415,373
2/18/2014,399,397,371,412,414,414,440,430,409,377,384,312,307,274,275,244,285,350,359,354,284,267,381,377,259,329,266,420,378
2/19/2014,405,403,378,418,418,419,444,434,415,384,389,317,312,281,282,250,291,356,364,359,290,274,387,383,265,334,272,425,384
2/20/2014,412,410,386,425,423,425,449,439,421,391,395,324,319,291,292,258,299,364,371,366,298,283,395,391,273,341,280,432,391
2/21/2014,418,416,392,431,428,430,454,444,427,397,401,330,325,296,296,265,305,368,376,372,304,290,400,396,280,347,287,437,397
2/22/2014,422,420,396,434,369,432,443,423,429,401,405,314,310,186,184,263,303,264,363,375,308,294,398,400,284,351,291,441,401
2/23/2014,429,427,404,441,368,437,447,418,435,408,411,318,314,194,192,269,308,271,369,381,314,299,405,407,291,356,297,448,408
2/24/2014,435,432,410,442,357,434,447,403,406,386,372,250,255,202,186,222,253,261,373,378,274,204,410,412,181,271,198,450,410
2/25/2014,440,436,415,446,361,438,451,407,410,390,376,255,260,208,192,228,259,266,377,382,279,211,413,415,187,276,204,453,414
2/26/2014,444,440,420,451,365,442,455,410,415,396,380,261,266,215,199,234,265,272,381,386,284,218,417,418,193,282,211,456,419
2/27/2014,427,425,403,432,365,428,449,412,400,383,371,229,239,159,153,211,239,231,362,366,267,205,395,399,178,266,196,439,401
2/28/2014,427,426,405,434,367,430,451,414,402,385,373,230,240,160,154,214,241,232,363,368,270,208,396,400,181,269,199,440,403
3/1/2014,430,429,408,437,369,432,453,416,405,388,376,233,243,164,158,217,244,236,366,370,273,212,399,403,185,272,203,442,406
3/2/2014,433,433,412,441,372,435,456,418,409,392,379,237,247,169,163,222,248,241,369,373,277,218,402,407,190,277,208,445,410
3/3/2014,438,439,418,447,377,440,461,423,415,398,384,244,254,178,172,230,256,249,375,379,284,227,408,412,199,285,217,450,416
3/4/2014,444,446,426,454,384,446,467,429,422,405,391,254,264,189,184,240,266,259,382,387,293,237,415,419,210,294,227,456,423
3/5/2014,450,451,430,458,387,449,470,431,427,410,395,257,267,200,196,244,270,269,386,390,297,242,421,424,215,298,232,461,427
3/6/2014,453,454,433,461,391,452,473,434,430,413,398,261,271,204,200,248,274,272,388,393,301,246,423,426,219,302,236,463,430
3/7/2014,455,456,436,464,394,455,476,437,433,416,401,265,275,202,201,252,278,274,390,396,305,251,425,428,224,306,241,465,433
3/8/2014,457,457,438,466,395,456,477,438,435,418,402,267,277,205,204,254,280,277,391,397,307,254,427,429,227,308,244,466,435
3/9/2014,460,460,441,469,398,459,480,440,438,421,405,271,281,209,208,258,284,281,394,400,311,259,430,432,232,312,249,469,438
3/10/2014,464,464,445,473,401,462,483,443,443,426,409,276,286,216,215,263,289,287,398,404,316,265,435,437,238,317,255,473,442
3/11/2014,469,469,450,477,405,466,486,446,448,431,413,281,291,225,224,268,294,295,403,408,321,271,440,442,244,322,261,477,447
3/12/2014,475,475,456,482,410,470,490,450,454,437,417,287,296,236,235,274,299,305,408,413,326,277,446,448,250,327,267,482,452
3/13/2014,481,481,462,488,416,475,495,455,460,443,423,295,304,247,246,283,307,315,414,420,334,286,453,454,259,335,276,488,458
3/14/2014,485,484,465,490,418,477,497,457,463,446,425,298,307,255,255,286,310,322,417,422,337,290,457,457,263,338,280,491,461
3/15/2014,489,488,469,494,422,481,500,460,467,450,429,303,311,261,261,291,315,327,421,426,342,296,461,461,269,343,286,495,465
3/16/2014,495,494,475,499,427,486,505,465,472,456,435,310,317,270,271,298,322,335,427,431,349,304,467,467,277,350,294,500,471
3/17/2014,502,500,482,505,434,492,511,471,479,463,441,319,326,282,284,307,331,346,434,438,358,314,473,473,287,359,304,506,478
3/18/2014,299,310,274,285,139,290,290,198,290,268,225,161,167,163,176,115,156,211,260,263,157,73,283,280,51,140,62,305,252
3/19/2014,303,314,278,289,143,293,293,201,294,273,229,163,169,168,179,117,158,215,263,265,159,76,286,283,54,143,65,308,256
3/20/2014,310,321,285,295,148,299,298,206,301,280,234,169,175,175,186,124,164,222,269,271,165,84,292,289,61,149,72,314,263
3/21/2014,319,329,292,302,153,305,303,211,308,287,239,175,181,185,196,131,171,231,276,277,172,93,300,297,69,156,80,321,270
3/22/2014,328,338,302,312,164,314,312,221,316,296,248,185,191,195,206,143,182,240,285,286,183,106,308,306,82,167,93,330,280
3/23/2014,338,347,313,323,177,324,322,233,326,306,260,196,202,207,219,155,194,252,294,296,195,121,318,315,96,180,108,339,291
3/24/2014,348,356,322,332,187,332,330,242,334,315,269,206,212,222,233,166,205,266,304,305,206,134,329,326,108,191,120,349,300
3/25/2014,356,362,327,337,192,336,334,247,339,320,274,212,218,232,243,172,211,275,309,309,212,141,336,333,115,197,127,355,305
3/26/2014,361,366,333,343,200,342,340,254,345,326,280,219,225,238,250,180,218,281,313,315,219,149,340,336,123,204,135,358,311
3/27/2014,366,369,336,346,203,345,343,257,348,329,283,222,228,245,257,183,221,288,316,318,222,153,345,340,127,207,139,361,314
3/28/2014,370,374,343,353,210,351,349,263,355,337,289,229,236,249,261,192,229,292,321,324,230,163,349,345,136,215,148,365,322
3/29/2014,336,340,304,310,184,287,311,233,290,267,272,158,178,182,189,120,165,223,244,243,169,118,270,284,86,179,113,308,278
3/30/2014,208,216,186,193,72,169,193,121,219,186,144,55,76,75,80,4,46,101,121,119,44,27,151,170,1,87,19,207,159
3/31/2014,215,223,194,200,79,176,200,128,226,193,151,63,83,83,88,12,54,109,128,126,52,35,159,177,9,94,27,214,166
4/1/2014,224,232,203,208,87,184,207,135,234,201,159,72,92,93,98,22,63,119,137,135,61,45,168,186,19,103,37,223,175
4/2/2014,237,243,213,218,97,194,217,145,245,212,169,82,102,109,114,33,73,135,149,145,71,56,181,198,30,113,48,235,186
4/3/2014,251,255,225,229,110,205,228,157,257,225,180,93,113,126,132,45,85,151,162,156,83,67,196,212,42,124,60,248,198
4/4/2014,266,269,239,241,122,217,239,168,269,238,191,105,125,147,152,59,98,171,177,168,96,81,213,228,56,136,74,262,211
4/5/2014,281,283,253,255,137,231,252,182,280,250,204,119,138,167,172,74,112,190,192,182,111,97,231,244,71,150,90,277,225
4/6/2014,294,295,266,268,152,244,264,196,291,262,217,132,151,182,187,89,126,205,204,195,125,112,245,257,86,163,105,289,238
4/7/2014,309,310,281,283,167,259,278,210,304,276,231,147,165,200,205,105,142,222,219,210,141,130,261,273,103,179,122,303,254
4/8/2014,325,325,298,300,187,277,295,229,320,293,247,166,184,215,225,124,160,242,235,227,159,145,276,288,122,196,141,318,271
4/9/2014,311,309,262,266,135,230,252,169,283,247,192,164,189,202,219,130,165,238,243,231,160,100,283,298,93,169,105,322,233
4/10/2014,317,316,269,273,143,237,259,176,289,254,199,171,196,209,226,137,172,244,249,238,167,108,289,304,101,176,113,328,241
4/11/2014,326,325,278,281,153,246,267,185,297,263,208,179,204,220,237,145,180,255,257,246,176,118,298,313,110,184,122,336,250
4/12/2014,335,334,288,291,163,256,276,195,306,272,217,189,213,231,247,155,190,265,266,255,186,129,307,322,121,193,132,344,259
4/13/2014,345,344,298,301,173,266,285,205,316,282,227,198,221,242,258,165,199,275,275,264,195,139,316,331,132,202,142,353,269
4/14/2014,355,354,309,312,185,277,295,216,327,293,238,210,232,254,269,177,209,286,285,274,206,151,326,340,144,212,154,362,280
4/15/2014,369,368,322,325,200,291,308,230,340,307,252,223,245,272,286,191,222,303,298,286,219,165,341,353,159,225,168,375,294
4/16/2014,340,336,276,291,154,241,258,179,279,257,214,199,217,241,263,165,203,295,278,271,195,144,333,344,131,200,139,353,274
4/17/2014,350,344,284,298,162,249,265,187,286,264,221,207,224,251,274,173,211,304,285,278,203,152,341,352,140,208,147,361,282
4/18/2014,357,351,292,306,171,257,273,196,294,272,229,215,231,258,281,181,219,311,291,285,211,160,347,358,148,216,155,367,290
4/19/2014,354,353,299,312,154,245,254,177,302,276,234,190,196,230,247,155,185,310,276,267,193,129,326,334,131,192,125,343,298
4/20/2014,361,360,307,319,164,254,263,187,309,283,243,198,204,237,255,164,193,317,284,275,202,140,333,341,141,201,136,350,306
4/21/2014,365,364,311,323,170,259,268,193,313,288,249,203,209,242,260,169,198,322,288,279,207,145,337,345,146,206,141,354,310
4/22/2014,370,370,319,331,180,268,277,203,320,296,258,212,218,247,265,178,207,326,294,287,216,155,342,350,156,215,151,360,318
4/23/2014,378,378,328,340,191,278,287,214,329,306,267,222,228,257,274,189,218,334,303,296,226,167,350,358,168,225,163,368,327
4/24/2014,389,388,339,350,202,289,297,225,340,318,277,232,238,270,286,200,228,345,313,305,236,178,360,368,179,235,174,378,337
4/25/2014,401,399,351,361,210,301,309,237,352,331,288,243,249,286,302,211,240,359,325,316,247,191,373,380,192,246,187,390,348
4/26/2014,413,410,363,373,225,314,322,251,364,343,301,256,262,301,316,224,253,371,337,327,260,207,385,392,207,259,202,402,360
4/27/2014,426,422,375,385,238,327,334,264,376,355,313,266,272,316,331,236,264,384,348,337,272,221,397,403,220,271,215,413,372
4/28/2014,440,435,388,398,254,341,348,279,390,370,326,280,286,333,348,250,278,399,362,349,286,237,410,416,235,285,231,426,385
4/29/2014,455,454,422,430,294,376,383,317,405,392,361,317,323,354,367,290,316,417,395,383,323,254,429,446,276,322,272,456,419
4/30/2014,390,412,330,338,213,302,300,270,362,346,346,150,194,262,249,136,179,295,269,304,192,103,282,343,137,189,115,407,304
5/1/2014,363,385,290,302,169,294,275,227,366,353,202,104,176,181,204,101,174,238,239,260,188,109,257,317,139,190,123,375,273
5/2/2014,370,390,291,297,125,211,218,196,289,258,181,84,155,150,174,49,129,198,230,250,119,43,252,291,63,120,48,367,269
5/3/2014,270,296,213,220,61,132,140,147,208,185,134,1,61,86,113,1,62,137,164,167,64,1,194,222,13,70,1,288,196
5/4/2014,231,254,169,174,14,89,98,114,162,145,95,1,36,56,86,1,34,109,134,141,35,1,168,196,1,40,1,261,155
5/5/2014,245,268,186,190,33,107,116,130,178,161,111,19,53,72,102,19,52,124,148,157,53,22,182,211,21,59,21,274,172
5/6/2014,264,284,204,208,51,127,135,146,197,181,127,37,70,94,125,37,71,146,165,173,71,42,201,228,40,77,40,289,190
5/7/2014,284,302,222,225,69,145,153,162,216,200,143,55,87,118,150,55,88,169,182,188,88,60,221,246,58,94,58,306,207
5/8/2014,305,321,241,244,89,166,172,179,235,220,162,72,104,144,176,72,105,193,200,203,105,77,243,266,75,111,75,323,225
5/9/2014,325,338,259,260,107,185,190,195,253,239,178,89,120,168,199,90,122,215,217,219,122,96,263,284,93,128,93,339,242
5/10/2014,344,354,277,277,126,203,208,211,272,258,194,106,136,191,222,108,139,236,234,234,140,116,282,303,112,146,112,355,259
5/11/2014,362,371,295,294,145,221,226,228,288,275,210,122,152,215,244,125,156,258,251,250,157,135,302,321,131,164,131,371,277
5/12/2014,378,385,310,309,161,237,241,242,304,291,225,138,167,236,264,141,171,278,267,263,172,151,319,336,147,179,147,385,292
5/13/2014,392,398,324,323,175,252,255,255,318,306,238,152,180,254,282,155,184,295,281,275,185,165,334,350,161,192,161,397,306
5/14/2014,405,411,338,336,189,267,270,268,332,320,252,166,193,270,297,168,197,310,294,287,198,178,347,362,174,205,175,408,319
5/15/2014,415,421,350,348,204,280,283,281,340,332,265,179,206,253,277,182,210,285,306,299,212,193,326,359,189,219,190,418,331
5/16/2014,376,393,314,290,1,51,52,58,238,161,1,111,146,233,254,121,145,264,277,254,163,99,308,342,138,151,101,388,294
5/17/2014,385,401,323,299,13,63,64,70,248,172,14,122,156,244,265,131,155,274,285,263,173,111,317,351,148,161,112,395,303
5/18/2014,394,409,333,309,28,78,79,84,259,185,29,132,166,254,275,141,165,284,293,272,183,122,326,359,158,171,123,402,313
5/19/2014,404,418,344,320,43,93,94,98,271,199,45,142,176,265,286,152,175,295,302,281,194,135,336,368,169,182,136,411,324
5/20/2014,415,428,355,331,58,109,109,111,284,214,60,154,188,278,299,164,187,307,313,292,205,147,347,378,181,194,148,420,335
5/21/2014,425,437,366,342,73,125,125,125,296,228,75,165,198,290,311,175,198,318,322,301,215,159,357,388,192,205,160,429,345
5/22/2014,438,449,380,356,93,146,144,143,311,245,95,182,214,305,325,192,214,332,335,315,231,176,370,400,208,221,177,440,359
5/23/2014,453,462,395,372,116,168,165,164,328,264,118,202,233,324,344,212,234,350,350,331,250,198,387,415,228,240,198,453,375
5/24/2014,469,477,411,389,138,192,188,185,346,284,141,221,251,345,364,232,253,370,368,347,268,219,405,432,247,259,218,468,392
5/25/2014,485,491,428,405,158,214,210,204,366,307,162,236,266,365,384,248,269,390,383,361,284,237,422,448,264,276,236,482,408
5/26/2014,500,503,441,418,174,232,227,219,381,323,179,249,279,384,402,261,282,408,396,373,296,252,437,462,277,289,250,494,420
5/27/2014,510,512,451,429,188,247,242,232,393,336,193,261,290,396,414,272,293,419,406,383,307,264,448,472,288,300,262,502,430
5/28/2014,520,521,462,440,205,263,258,248,405,350,210,274,302,409,427,285,306,432,417,394,319,278,459,482,301,313,276,511,441
5/29/2014,519,524,473,452,220,280,274,263,420,367,226,286,314,405,426,298,318,380,428,405,332,293,471,494,314,326,290,521,453
5/30/2014,522,509,418,416,236,298,291,278,435,384,243,298,326,415,434,311,330,391,439,416,344,307,463,486,327,339,304,508,458
5/31/2014,468,475,420,423,249,310,303,290,430,379,256,272,325,396,430,295,327,383,448,425,340,317,468,494,308,349,314,512,461
6/1/2014,466,477,417,416,262,310,307,302,413,365,259,269,320,377,411,300,317,378,455,433,343,328,443,482,312,356,324,489,456
6/2/2014,440,444,383,386,258,298,299,309,398,348,251,268,319,359,401,304,317,360,460,440,343,335,434,463,304,350,321,469,423
6/3/2014,449,452,392,395,270,309,310,320,406,358,263,278,328,369,410,314,327,370,467,447,352,345,442,471,314,359,331,477,431
6/4/2014,457,460,402,405,281,320,321,330,415,368,275,288,337,380,420,324,336,381,474,454,361,355,451,479,324,368,341,485,440
6/5/2014,468,470,414,417,294,332,333,341,425,379,288,300,348,392,431,336,348,393,483,463,373,368,462,489,337,379,353,495,451
6/6/2014,481,482,428,431,310,348,349,356,437,392,304,314,361,406,445,350,362,408,493,473,386,382,474,500,351,392,367,506,463
6/7/2014,495,495,442,445,326,364,365,370,450,408,320,329,375,423,461,364,376,425,504,484,399,395,487,512,365,405,381,518,476
6/8/2014,483,484,457,460,341,381,381,384,464,423,337,346,390,440,477,379,391,442,515,496,413,409,501,525,380,419,396,530,490
6/9/2014,443,430,377,407,354,374,386,396,400,394,351,356,403,388,407,390,405,378,416,418,426,423,397,434,330,432,410,453,413
6/10/2014,453,446,393,393,370,364,393,410,417,409,367,370,417,331,336,397,419,308,355,386,434,435,414,440,341,443,423,465,423
6/11/2014,396,443,311,312,378,264,385,417,422,401,374,377,423,166,86,404,426,61,354,391,441,443,350,424,349,450,430,461,410
6/12/2014,360,397,269,291,336,184,333,357,326,340,302,312,368,101,0,331,385,17,345,376,392,377,335,396,265,449,356,432,368
6/13/2014,367,391,256,292,320,184,334,357,323,343,297,290,361,89,0,325,379,11,349,378,396,368,329,385,268,450,355,429,374
6/14/2014,377,385,237,277,293,193,342,341,327,325,291,249,344,63,0,271,363,0,347,344,285,256,268,289,141,434,238,340,317
6/15/2014,378,383,233,274,259,118,243,276,328,325,261,47,252,16,0,102,215,0,248,182,224,214,128,166,0,390,128,273,299
6/16/2014,386,391,224,279,272,110,222,283,337,334,269,56,263,32,14,108,204,11,203,177,213,162,133,159,0,375,127,263,293
6/17/2014,292,309,209,315,313,166,269,323,347,355,310,80,280,46,28,130,223,19,205,183,232,182,144,169,26,388,153,265,298
6/18/2014,310,325,228,331,326,186,284,335,362,370,323,97,292,70,53,146,237,44,221,199,246,197,165,188,45,398,169,281,313
6/19/2014,327,340,246,345,338,204,298,347,375,383,335,114,304,93,77,162,251,68,237,215,259,212,185,207,63,408,184,297,327
6/20/2014,342,355,238,350,349,221,312,358,358,366,346,131,316,116,100,177,264,91,252,230,272,226,204,220,81,417,199,306,337
6/21/2014,358,370,255,358,364,240,323,372,367,366,361,155,333,140,119,187,282,112,269,249,290,244,218,234,102,429,218,311,343
6/22/2014,373,382,264,366,376,258,336,372,371,370,359,179,352,141,128,208,302,103,287,266,308,264,217,235,125,442,239,317,353
6/23/2014,361,376,271,369,368,272,345,375,378,378,356,201,368,105,100,226,319,86,294,276,321,283,206,233,143,452,251,308,358
6/24/2014,347,370,235,330,360,250,330,363,385,385,342,129,351,22,45,129,297,50,223,199,248,274,169,176,62,426,234,306,293
6/25/2014,362,385,255,343,347,246,325,336,399,397,339,134,343,27,53,135,266,35,236,206,246,235,173,179,55,417,204,320,309
6/26/2014,379,402,275,359,357,254,325,346,416,412,353,118,312,44,68,139,260,36,249,221,258,231,193,198,77,426,218,338,324
6/27/2014,345,314,235,344,371,258,339,361,379,333,366,138,327,49,73,157,275,48,240,216,271,248,105,137,97,438,236,283,318
6/28/2014,365,318,232,337,387,245,329,377,382,295,382,159,342,83,109,177,293,84,254,230,289,268,122,108,121,450,255,261,322
6/29/2014,385,340,257,357,403,268,348,393,400,317,397,182,358,115,141,201,312,116,273,251,308,289,152,137,147,463,276,284,342
6/30/2014,402,359,277,373,416,286,359,406,415,335,409,199,370,145,172,218,327,146,275,208,323,305,181,165,154,474,293,305,357
7/1/2014,417,376,295,387,427,303,373,417,428,351,420,215,381,168,194,234,340,169,292,225,337,319,203,187,172,483,307,323,372
7/2/2014,433,391,312,401,438,318,386,428,440,366,431,229,391,190,216,248,352,191,307,241,349,333,224,209,189,491,320,339,386
7/3/2014,447,405,330,411,437,336,401,425,450,382,441,248,405,212,237,267,367,213,323,260,364,350,243,229,210,502,337,354,400
7/4/2014,444,416,333,420,442,348,401,430,444,382,446,243,418,120,192,277,380,86,322,256,374,350,223,243,223,511,342,351,409
7/5/2014,452,428,336,421,451,363,412,440,452,386,456,191,380,62,135,265,365,0,314,218,378,352,241,257,234,517,349,342,417
7/6/2014,331,339,249,348,386,137,306,394,363,215,371,126,312,0,22,188,311,0,287,194,310,287,172,232,174,519,295,199,340
7/7/2014,273,241,160,275,230,31,207,266,337,200,179,95,279,1,1,160,274,1,276,189,292,224,160,223,166,480,266,177,284
7/8/2014,291,260,182,293,249,56,226,282,351,218,196,115,286,19,22,173,267,23,293,208,304,234,181,242,184,486,280,198,301
7/9/2014,309,280,174,259,265,80,245,298,338,190,179,31,270,42,45,87,183,43,275,27,199,184,185,127,35,454,246,120,216
7/10/2014,326,297,185,269,278,86,263,312,341,204,191,7,266,59,68,69,170,59,286,38,195,195,202,142,25,456,254,130,228
7/11/2014,285,298,198,280,275,91,272,303,317,195,209,20,272,75,82,78,181,81,241,44,205,211,124,122,35,463,268,117,229
7/12/2014,294,265,182,283,197,97,278,279,287,199,210,1,260,78,82,55,153,91,249,58,192,217,141,141,37,466,263,135,243
7/13/2014,304,274,178,256,165,48,222,267,222,144,213,2,247,93,89,44,142,97,241,55,176,222,139,142,28,464,269,141,220
7/14/2014,266,278,102,176,120,57,201,244,175,103,231,1,236,109,107,1,113,115,137,1,102,107,140,120,4,426,127,112,143
7/15/2014,222,275,75,101,89,1,127,206,182,113,207,1,209,1,1,1,94,1,31,1,59,82,36,1,1,361,75,38,8
7/16/2014,193,229,1,1,33,1,60,175,145,47,139,1,196,1,1,1,55,1,1,1,1,19,1,1,1,318,24,1,1
7/17/2014,121,170,1,1,1,1,4,101,73,1,85,1,173,1,1,1,43,1,1,1,1,5,1,1,1,300,8,1,1
7/18/2014,126,171,1,1,24,18,28,121,69,1,105,21,190,17,6,21,63,17,19,20,22,28,17,22,22,313,30,11,1
7/19/2014,155,195,29,20,49,41,51,142,96,31,125,8,207,48,37,4,72,48,31,19,32,45,48,51,39,317,42,41,19
7/20/2014,183,220,57,32,76,60,79,166,124,61,146,33,226,78,67,28,95,78,51,45,56,69,77,74,63,332,67,65,31
7/21/2014,115,133,44,33,49,60,105,169,68,83,67,21,190,1,1,21,101,1,50,55,77,75,33,24,74,347,82,7,9
7/22/2014,85,125,37,28,20,19,35,161,17,19,37,1,113,1,2,1,26,1,49,50,58,22,40,30,61,311,28,11,1
7/23/2014,99,142,63,53,17,37,37,136,41,40,40,20,129,1,18,22,48,1,72,71,77,43,59,57,78,322,45,40,25
7/24/2014,124,160,86,79,42,63,62,155,68,67,63,43,145,18,34,44,70,1,94,93,98,67,88,82,94,335,69,66,51
7/25/2014,154,189,110,106,1,54,1,95,95,44,1,64,164,49,65,59,93,30,118,115,94,44,117,107,97,326,15,95,79
7/26/2014,176,204,89,93,1,16,1,59,74,1,1,1,119,9,61,1,26,1,126,117,25,1,127,124,49,298,1,123,77
7/27/2014,189,220,93,109,1,7,1,71,79,11,30,25,137,33,83,24,47,23,142,138,46,20,140,134,70,310,23,141,101
7/28/2014,203,238,114,130,25,30,29,94,101,37,59,54,161,63,111,51,71,53,163,155,71,46,165,158,92,327,49,162,116
7/29/2014,219,254,130,144,54,54,55,119,126,65,87,80,183,92,139,77,96,82,186,175,96,72,191,182,117,343,77,177,126
7/30/2014,74,119,36,40,45,4,11,104,63,1,97,66,176,98,103,79,113,5,173,112,94,93,48,54,78,319,77,63,20
7/31/2014,103,145,67,70,73,36,42,130,91,32,122,89,195,124,128,103,136,34,192,134,119,118,75,81,103,336,102,89,51
8/1/2014,132,168,87,81,68,1,1,131,117,60,112,110,213,150,154,123,157,64,212,127,140,139,102,60,125,350,124,76,53
8/2/2014,158,187,114,108,88,28,28,146,142,87,111,131,231,175,179,145,178,92,231,149,162,162,129,88,127,365,146,104,81
8/3/2014,186,211,140,134,109,55,54,165,166,113,133,148,246,202,207,163,195,124,249,168,181,182,156,117,145,378,165,131,108
8/4/2014,203,218,159,154,119,67,68,160,171,111,152,161,260,222,227,177,212,147,265,185,188,199,178,138,135,382,172,152,128
8/5/2014,200,196,106,138,118,17,48,156,163,75,170,146,258,115,111,147,216,73,259,178,182,205,181,149,126,368,160,170,133
8/6/2014,216,216,125,151,123,39,75,165,183,98,190,169,275,136,125,168,234,91,258,191,200,211,171,148,137,380,178,175,142
8/7/2014,241,239,152,174,144,43,88,185,192,59,209,191,291,163,152,188,253,120,276,211,221,231,196,174,148,387,198,199,165
8/8/2014,231,245,155,173,144,30,72,177,206,76,216,211,306,1,1,198,270,1,287,208,239,248,197,165,161,398,210,154,170
8/9/2014,255,265,176,196,158,57,83,194,227,102,87,222,306,33,34,181,287,31,289,164,243,267,222,190,149,402,224,178,193
8/10/2014,278,287,200,219,179,70,98,213,247,118,66,179,270,21,1,146,288,1,273,172,249,287,245,213,162,410,243,201,216
8/11/2014,298,293,189,225,160,58,96,210,262,131,81,190,281,8,1,158,291,1,274,183,255,282,242,215,161,403,238,210,232
8/12/2014,210,188,9,99,139,1,37,179,235,46,58,186,266,1,1,140,268,1,235,107,162,220,179,142,76,325,174,157,176
8/13/2014,220,196,11,112,150,15,48,198,240,71,84,190,270,1,1,146,273,1,226,107,171,237,155,133,94,338,193,163,193
8/14/2014,241,214,32,138,172,47,79,220,255,95,110,209,289,8,9,168,286,15,242,129,188,252,180,155,117,348,210,184,216
8/15/2014,176,200,3,80,71,5,28,152,265,108,52,87,181,1,8,76,220,20,190,106,167,236,186,147,92,321,187,177,202
8/16/2014,191,216,24,94,56,24,36,151,276,124,69,98,195,23,29,77,223,39,194,117,157,228,192,153,105,323,193,188,211
8/17/2014,191,211,10,80,63,30,44,159,271,100,63,118,211,46,54,99,238,53,209,136,176,244,209,172,126,336,209,203,202
8/18/2014,216,234,33,97,79,56,70,179,291,126,86,118,215,76,85,121,239,84,223,151,196,251,232,197,147,337,218,211,212
8/19/2014,241,258,62,124,89,81,94,198,310,151,87,100,201,105,115,123,233,112,222,156,193,239,255,222,153,333,210,207,232
8/20/2014,266,280,94,152,112,108,121,219,329,176,112,126,223,134,143,146,251,141,241,179,213,255,277,246,172,346,227,230,256
8/21/2014,291,303,124,179,136,134,147,239,348,202,134,151,244,163,172,170,273,170,263,203,236,278,300,270,197,364,250,255,279
8/22/2014,282,301,114,172,159,161,173,258,335,210,157,173,262,196,185,192,291,202,285,225,256,297,106,245,218,379,269,126,300
8/23/2014,308,323,142,189,181,182,198,276,350,216,180,196,282,227,216,215,310,233,306,247,276,316,126,261,240,394,289,150,300
8/24/2014,331,331,147,196,202,196,222,295,360,228,202,218,301,236,244,238,329,260,326,270,298,337,157,287,263,411,310,182,299
8/25/2014,352,340,137,190,220,214,242,311,337,219,221,235,317,249,260,257,344,273,330,289,315,352,173,308,280,424,326,206,283
8/26/2014,361,352,157,208,238,229,256,326,349,235,238,247,329,253,262,270,356,276,340,302,328,364,183,322,291,434,338,225,298
8/27/2014,376,366,177,223,250,237,262,339,354,242,253,254,341,266,275,283,368,290,350,313,340,375,199,337,302,443,350,243,311
8/28/2014,390,381,197,241,264,253,277,351,368,259,267,267,352,282,291,295,379,306,362,326,351,386,217,350,315,452,362,259,326
8/29/2014,406,397,217,259,278,270,293,364,383,278,282,281,364,300,308,308,390,323,375,340,363,398,237,365,328,461,374,278,342
8/30/2014,362,377,220,250,294,247,186,377,381,275,297,258,339,178,185,303,396,216,389,354,357,410,191,358,288,452,386,252,305
8/31/2014,351,372,239,267,308,263,204,389,392,294,311,273,352,198,202,317,408,234,401,367,370,423,212,373,303,463,399,269,319
9/1/2014,368,389,259,284,323,280,223,401,403,310,325,288,365,222,226,332,420,257,414,381,383,435,236,389,318,473,411,290,336
9/3/2014,387,406,302,324,356,318,265,429,416,332,358,303,377,246,250,348,431,280,442,408,402,447,258,420,349,488,437,311,372
9/4/2014,403,420,318,339,368,332,281,439,429,347,370,315,387,265,270,360,440,298,452,418,412,457,276,433,361,496,447,327,386
9/5/2014,417,432,333,353,379,331,285,447,439,359,380,327,397,281,287,371,449,309,462,428,422,467,293,444,373,504,456,342,399
9/6/2014,343,375,291,288,247,157,118,334,410,286,354,206,303,186,177,240,337,244,325,275,285,346,252,422,208,381,352,327,361
9/7/2014,340,349,232,251,74,34,1,181,350,239,273,159,278,147,111,202,305,170,325,267,249,323,241,423,172,348,317,335,304
9/8/2014,283,219,125,165,30,1,1,175,164,91,266,54,66,63,35,27,111,133,277,210,111,60,206,367,41,157,76,298,225
9/9/2014,288,195,123,178,9,21,14,132,168,101,277,71,84,1,1,42,129,45,262,186,129,79,99,348,58,173,95,282,228
9/10/2014,278,209,127,175,23,39,36,140,156,58,284,82,102,1,1,57,146,1,263,191,146,97,22,306,72,189,113,260,245
9/11/2014,278,205,146,193,42,61,57,156,173,79,296,99,119,1,1,75,162,4,277,206,162,115,44,321,89,204,129,276,261
9/12/2014,295,224,166,210,61,82,77,172,191,99,304,116,135,23,25,92,178,27,291,221,178,132,66,335,107,219,146,292,276
9/13/2014,310,241,184,221,79,102,97,187,201,112,315,132,151,44,49,109,193,49,304,235,193,149,88,349,124,233,163,307,290
9/14/2014,327,259,204,239,99,123,118,204,221,135,326,149,167,52,74,126,208,51,318,251,208,165,111,363,141,247,179,323,305
9/15/2014,344,276,222,256,116,142,137,218,239,156,326,164,182,77,99,142,222,77,331,264,222,181,133,376,156,260,194,338,320
9/16/2014,359,294,240,273,127,161,155,233,257,177,331,139,196,99,121,124,228,99,343,277,218,196,152,389,169,273,208,352,335
9/17/2014,369,307,256,288,138,178,172,247,273,195,336,142,197,72,77,114,224,35,310,219,191,191,103,359,141,260,185,363,348
9/18/2014,380,320,271,300,149,194,188,255,287,211,318,157,211,73,59,129,238,37,313,199,202,206,102,342,147,269,195,348,353
9/19/2014,394,334,287,315,164,210,203,268,300,228,329,172,225,90,72,144,251,49,311,203,216,221,123,349,162,282,209,361,365
9/20/2014,354,311,267,292,115,205,208,272,282,229,273,96,168,66,46,48,145,15,262,141,146,121,94,280,73,173,77,270,300
9/21/2014,360,319,271,302,111,214,217,271,281,230,256,82,136,75,54,38,125,26,266,146,141,86,105,286,65,168,48,277,308
9/22/2014,373,332,284,315,126,229,231,282,295,246,268,97,150,95,75,54,139,47,279,160,155,101,124,300,80,181,64,291,320
9/23/2014,319,322,284,318,137,240,231,291,307,259,277,111,163,53,37,62,151,13,258,132,127,113,107,289,51,181,72,277,323
9/24/2014,328,330,290,319,1,207,173,131,316,253,108,1,1,62,47,1,1,23,237,97,1,1,113,294,1,1,1,286,330
9/25/2014,336,338,300,328,14,218,185,141,325,263,111,12,12,74,59,12,13,36,245,108,13,12,125,302,13,14,13,294,338
9/26/2014,346,349,312,339,28,231,198,149,336,275,95,25,25,88,73,25,25,51,256,121,26,28,139,312,27,29,28,304,348
9/27/2014,262,271,257,309,1,228,211,94,289,252,82,1,8,105,91,1,9,69,171,89,28,46,1,242,21,46,45,243,322
9/28/2014,253,256,261,310,2,228,223,87,205,183,86,13,20,61,101,10,20,44,175,99,40,45,17,251,34,61,60,251,334
9/29/2014,224,245,266,320,20,239,234,103,218,197,103,30,37,45,104,26,37,14,186,113,56,60,32,262,51,77,76,259,345
9/30/2014,90,118,128,204,1,126,123,1,142,129,1,1,1,1,14,1,1,1,123,52,35,10,1,189,32,60,43,181,249
10/1/2014,104,130,140,214,5,137,135,14,142,128,1,16,16,17,29,16,16,17,136,67,49,23,16,201,44,75,55,193,260
10/2/2014,124,148,158,229,22,112,152,33,88,94,8,33,33,37,49,34,34,37,153,85,67,41,40,218,61,92,72,211,274
10/3/2014,140,164,175,244,41,129,169,52,94,106,28,51,51,56,68,52,52,56,169,103,85,59,60,233,79,109,90,227,287
10/4/2014,140,162,188,260,59,147,185,69,110,122,40,68,68,78,91,69,69,78,183,120,101,77,81,249,94,126,107,242,302
10/5/2014,159,180,202,272,74,161,198,84,125,137,56,81,81,98,111,83,83,98,197,134,114,92,101,263,107,139,120,256,313
10/6/2014,171,191,212,281,86,171,208,96,136,148,68,90,90,111,124,92,93,111,205,144,124,102,113,272,117,148,130,265,321
10/7/2014,184,203,224,291,99,183,219,109,148,160,82,103,103,123,136,105,106,123,216,156,136,114,126,282,129,160,142,276,330
10/8/2014,200,217,238,303,114,197,232,124,163,175,98,117,117,138,151,119,121,138,229,170,150,129,142,294,143,173,156,288,341
10/9/2014,215,232,252,315,130,212,246,139,180,191,114,131,131,154,166,133,135,154,241,184,164,144,158,306,157,186,170,300,352
10/10/2014,232,247,266,327,144,225,258,152,195,206,128,144,144,171,183,146,148,171,254,198,177,157,175,318,170,198,182,312,362
10/11/2014,249,262,280,339,159,239,271,167,210,221,143,157,157,188,200,159,162,188,266,211,190,171,191,330,183,211,195,325,373
10/12/2014,265,277,294,351,173,252,284,181,225,236,158,170,170,203,215,172,175,203,278,224,203,185,206,341,196,223,208,337,383
10/13/2014,281,292,307,362,187,265,296,195,239,250,173,184,184,220,232,186,189,220,291,237,216,199,223,353,209,236,221,350,393
10/14/2014,297,307,321,374,202,279,309,209,254,265,188,198,198,236,248,199,203,236,303,251,230,213,239,365,223,249,234,362,404
10/15/2014,261,281,314,380,102,280,297,114,251,267,1,172,172,228,219,188,186,196,292,242,229,205,223,355,220,247,221,349,394
10/16/2014,271,290,322,387,113,289,306,125,260,276,14,182,182,237,228,197,195,205,300,251,238,214,232,362,229,255,230,356,401
10/17/2014,280,299,330,394,124,297,314,136,269,284,26,190,190,246,237,206,204,215,307,259,246,223,241,369,237,263,239,363,408
10/18/2014,289,307,338,400,135,305,321,146,277,292,38,198,198,255,245,214,212,224,314,267,254,232,250,376,245,271,247,370,414
10/19/2014,299,317,347,408,147,314,330,158,287,302,52,208,208,265,255,224,222,234,322,276,263,242,260,384,254,280,256,378,421
10/20/2014,309,326,355,415,158,322,338,169,297,311,65,216,216,274,264,232,231,244,329,284,271,250,269,391,262,288,265,385,428
10/21/2014,320,336,364,423,169,331,347,180,307,321,78,225,225,285,275,241,240,256,336,292,279,259,280,399,271,296,274,392,435
10/22/2014,330,346,372,430,180,340,356,191,317,331,91,233,233,294,284,249,248,266,343,300,287,268,289,406,279,304,282,399,442
10/23/2014,339,354,380,436,190,348,363,200,326,340,102,240,240,302,293,256,255,275,350,307,294,276,297,412,286,311,290,406,448
10/24/2014,347,362,386,441,198,354,369,208,334,347,111,247,247,309,300,263,262,283,356,313,300,282,304,417,292,317,296,412,453
10/25/2014,354,369,393,446,206,361,375,216,341,354,120,253,253,315,306,269,268,290,361,319,306,289,311,422,298,323,303,417,458
10/26/2014,361,375,399,451,214,367,381,224,348,360,129,259,259,321,312,275,274,297,366,325,312,296,318,427,304,329,309,422,463
10/27/2014,369,383,406,457,223,374,388,233,356,368,140,267,267,328,320,283,282,305,373,333,320,304,326,433,312,336,317,429,469
10/28/2014,379,392,414,463,233,382,395,243,365,376,151,275,275,338,331,291,290,317,381,341,327,312,336,440,320,343,325,437,475
10/29/2014,389,401,422,470,243,390,403,253,373,384,163,284,284,348,341,299,298,328,389,349,335,320,346,447,328,351,333,445,481
10/30/2014,398,409,430,476,254,398,410,264,382,393,175,293,293,357,350,307,306,338,396,357,343,329,355,454,336,359,341,452,487
10/31/2014,407,417,437,482,262,405,416,272,390,400,185,300,300,365,358,314,313,346,402,364,350,337,363,460,343,366,348,458,493
11/1/2014,414,423,442,486,269,410,421,279,396,405,193,305,305,371,364,319,318,352,407,369,355,343,369,465,348,371,354,463,497
11/2/2014,418,425,443,487,271,411,422,281,397,406,195,306,306,375,368,320,319,356,409,370,356,344,372,467,349,372,355,465,498
11/3/2014,420,427,446,489,275,414,425,285,400,409,200,309,309,377,370,323,322,358,411,373,359,347,374,469,352,375,358,467,500
11/4/2014,424,432,451,493,282,420,430,292,406,414,208,315,315,381,373,329,328,362,415,378,364,353,378,472,357,380,364,471,504
11/5/2014,430,438,457,498,290,426,436,300,412,420,217,322,322,387,379,336,335,368,420,384,370,359,384,477,363,386,370,476,509
11/6/2014,437,444,463,503,298,432,442,307,419,426,226,329,329,394,387,343,342,376,426,390,376,365,391,482,369,392,376,481,514
11/7/2014,444,451,470,509,306,439,449,315,426,433,235,336,336,401,394,350,349,383,432,396,383,372,398,488,376,399,383,486,519
11/8/2014,450,456,474,512,311,443,452,319,430,437,240,340,340,407,400,354,353,390,435,399,387,376,404,492,380,402,387,490,522
11/9/2014,432,441,462,500,295,431,440,302,423,430,239,304,314,370,363,328,332,355,402,375,373,355,374,465,363,388,367,467,508
11/10/2014,425,436,462,501,286,428,433,296,423,430,234,305,313,374,366,330,332,358,403,378,375,356,374,466,365,390,366,469,510
11/11/2014,379,388,367,409,151,326,334,168,368,347,103,176,77,357,326,213,185,320,326,295,271,149,317,393,264,262,200,390,430
11/12/2014,385,394,373,434,190,356,363,206,374,375,145,186,86,363,332,220,192,326,331,300,277,157,323,398,273,268,207,395,454
11/13/2014,391,400,379,438,197,361,368,213,380,381,153,192,94,369,339,226,198,333,336,305,282,164,330,403,278,273,213,400,458
11/14/2014,396,405,385,443,204,367,373,220,386,387,160,199,102,374,345,233,205,339,341,311,288,172,336,408,284,279,220,405,462
11/15/2014,401,409,388,446,209,371,376,225,389,390,165,203,106,379,351,237,209,345,344,314,292,177,341,412,288,283,225,409,465
11/16/2014,405,413,393,450,216,376,381,232,394,395,173,210,114,382,355,244,216,349,349,319,298,185,345,416,294,289,232,413,469
11/17/2014,412,420,400,456,225,383,388,241,401,402,183,218,124,389,363,253,225,357,357,327,306,196,353,423,303,298,242,420,475
11/18/2014,385,400,381,441,156,322,332,153,347,336,73,164,76,341,320,207,192,317,328,304,287,186,330,404,290,291,231,402,463
11/19/2014,384,399,379,439,147,316,326,140,341,328,66,149,62,337,314,196,181,310,319,297,283,180,325,399,286,287,225,401,459
11/20/2014,385,400,381,440,150,318,328,143,343,330,69,151,64,338,315,198,183,311,320,299,285,183,326,400,288,289,227,402,460
11/21/2014,387,402,384,443,155,322,332,148,347,334,75,155,69,340,317,202,187,313,323,302,288,188,328,402,292,293,231,404,463
11/22/2014,391,405,388,446,160,326,336,153,351,338,81,160,75,343,320,207,192,316,327,306,292,193,331,405,296,297,236,407,466
11/23/2014,399,413,396,453,171,335,344,164,359,346,93,171,87,347,315,217,202,325,335,315,301,204,340,412,304,305,246,414,472
11/24/2014,408,422,405,461,184,345,354,177,368,356,107,183,100,355,324,229,214,335,344,325,311,217,350,421,314,315,257,423,479
11/25/2014,412,426,409,464,190,349,358,183,372,360,114,187,105,358,327,233,218,338,348,329,315,222,354,424,318,319,261,426,482
11/26/2014,80,81,0,34,0,0,0,0,0,0,0,0,0,0,0,0,0,0,14,0,0,0,83,98,0,167,0,97,63
11/27/2014,81,83,3,38,0,5,4,0,3,4,0,0,0,0,0,0,0,0,14,0,0,0,82,98,0,168,0,97,67
11/28/2014,84,86,6,41,3,8,7,3,6,7,3,2,2,3,3,2,2,3,17,3,2,2,85,101,2,170,2,100,70
11/29/2014,91,93,13,47,9,14,13,9,12,13,9,7,7,9,9,8,8,9,24,9,8,8,92,108,8,175,8,107,76
11/30/2014,100,102,23,56,18,23,22,18,21,22,18,15,14,18,18,16,16,18,33,18,16,16,101,117,16,181,16,116,85
12/1/2014,110,111,33,66,27,33,32,27,31,32,27,23,22,28,28,25,25,28,42,28,25,25,111,126,25,188,25,126,94
12/2/2014,119,120,43,76,36,43,42,36,42,43,36,32,31,38,38,34,34,38,51,38,34,35,120,135,34,195,35,135,103
12/3/2014,129,130,53,86,46,53,52,46,52,53,46,42,41,49,49,44,44,49,60,47,44,45,129,144,44,202,45,144,112
12/4/2014,139,140,64,96,55,63,62,55,63,63,55,51,51,58,58,53,53,58,69,57,53,54,138,152,53,209,54,153,122
12/5/2014,150,150,75,107,65,74,73,65,74,74,64,60,60,68,68,62,62,68,78,67,62,63,147,161,62,216,63,162,132
12/6/2014,160,159,85,116,73,83,82,73,84,84,72,68,68,78,78,70,70,78,86,75,70,72,155,169,70,222,71,170,141
12/7/2014,169,167,94,124,81,92,91,81,93,93,80,75,75,87,87,77,77,87,94,82,77,79,163,176,77,227,78,177,149
12/8/2014,178,174,99,128,85,96,95,85,98,98,85,79,79,96,96,81,81,96,99,86,81,83,170,182,81,230,82,183,153
12/9/2014,181,177,102,131,88,99,98,88,101,101,89,82,82,99,99,84,84,99,102,89,84,86,173,184,84,232,85,186,156
12/10/2014,184,180,105,134,91,102,101,91,104,104,92,85,85,102,101,87,87,102,105,92,87,89,176,187,87,234,88,189,159
12/11/2014,187,183,107,136,94,105,104,94,107,107,95,87,87,105,104,90,90,105,108,95,90,92,179,190,90,236,91,192,161
12/12/2014,190,185,110,139,96,107,106,96,110,110,97,89,89,107,106,92,92,107,110,97,92,95,181,192,92,238,93,194,163
12/13/2014,192,188,117,147,137,149,148,137,113,113,138,91,91,109,108,95,95,109,114,101,95,98,183,195,96,241,98,196,171
12/14/2014,196,192,121,151,141,153,152,141,117,117,142,94,94,113,111,98,99,112,117,105,99,102,186,198,100,244,102,199,175
12/15/2014,200,196,126,156,145,158,157,145,122,122,146,98,98,117,115,103,104,116,121,110,104,107,190,202,105,248,107,203,180
12/16/2014,205,200,131,161,149,163,162,149,127,127,150,102,102,121,119,107,108,120,125,114,108,112,194,206,109,251,112,207,185
12/17/2014,210,205,138,167,157,170,169,157,133,133,157,108,108,127,125,113,114,126,130,120,114,118,199,211,115,256,119,212,191
12/18/2014,214,209,143,172,161,174,173,161,138,138,162,112,112,131,129,117,118,130,134,124,118,122,203,215,119,259,123,216,195
12/19/2014,219,214,149,178,166,179,178,166,143,143,167,117,116,136,134,122,123,135,140,129,123,127,209,220,124,263,128,222,200
12/20/2014,226,221,157,186,173,186,185,173,151,151,174,123,122,143,142,129,130,142,147,136,130,135,216,227,131,269,135,229,207
12/21/2014,233,228,166,194,180,193,192,180,159,159,181,128,127,149,148,135,136,148,154,143,136,141,223,233,137,274,141,236,214
12/22/2014,130,133,49,83,67,91,93,74,65,74,152,0,3,0,0,13,14,0,28,32,26,10,94,118,23,260,18,124,107
12/23/2014,140,143,50,91,69,96,91,78,76,84,158,7,11,10,10,17,18,8,38,41,30,13,104,128,28,265,20,134,117
12/24/2014,149,152,62,102,80,107,102,88,87,95,167,18,22,20,20,27,29,18,48,52,41,24,113,137,39,272,31,143,128
12/25/2014,133,100,1,51,90,61,63,87,55,64,164,24,24,13,16,13,22,4,49,51,23,1,118,138,5,220,1,140,86
12/26/2014,143,106,6,56,95,65,68,92,59,68,168,29,29,25,29,18,27,17,54,56,28,6,127,145,10,223,6,146,90
12/27/2014,149,114,16,65,103,74,77,100,68,78,176,36,36,32,36,26,34,24,61,64,36,14,133,151,18,229,14,153,99
12/28/2014,159,124,27,75,111,84,87,108,79,89,184,45,45,42,46,35,43,34,70,73,45,24,142,160,27,236,23,162,109
12/29/2014,169,134,40,87,121,95,98,118,90,100,193,57,57,53,57,47,54,45,80,84,56,35,152,169,38,244,34,171,120
12/30/2014,179,145,53,99,132,106,109,129,101,111,202,68,68,65,69,58,65,57,90,95,67,46,162,179,49,252,46,181,132
12/31/2014,189,153,59,104,136,111,114,133,106,116,206,72,72,76,81,62,69,68,96,99,71,51,170,186,53,255,50,188,137
